{"train/loss": 6.0089, "train/learning_rate": 4.0989153586703546e-05, "train/epoch": 0.15, "train/global_step": 20, "_timestamp": 1713000212.6921315, "_runtime": 72.60511255264282, "_step": 1